{
	"compress_defaults": {
		"cssmin"         : true,
		"opt_level"      : "SIMPLE_OPTIMIZATIONS",
		"js_lang"        : "ECMASCRIPT5",
		"externs_url"    : false,
		"commentline"    : true,
		"skip_createtag" : false
	},

	"createtag_defaults": {
		"version"      : false,
		"ie_condition" : false,
		"indent"       : 0,
		"addnl"        : true,
		"doctype"      : "HTML5",
		"media"        : false,
		"inline"       : false,
		"before"       : "",
		"after"        : ""
	},

	"pretty_json": false,

	"baseurl": "/assets",

	"sets": {

		"style_css": {
			"url": "/css/style.min.css",
			"sources": [
				"/css/normalize.css",
				"/css/_variables.less",
				"/css/_mixins.less",
				"/css/_fonts.less",
				"/css/_defaults.less",
				"/css/layout.less",
				"/css/header.less",
				"/css/mobile-nav.less",
				"/css/lists.less",
				"/css/content.less",
				"/css/sidebar.less",
				"/css/footer.less",
				"/css/jquery.gallery.less",
				"/css/jquery.bxslider.less"
			],
			"indent": 1
		},

		"scripts_js": {
			"url": "/js/scripts.min.js",
			"sources": [
				"/js/jquery.easing.1.3.js",
				"/js/jquery.mobile-nav.js",
				"/js/jquery.gallery.js",
				"/js/jquery.bxslider.js",
				"/js/jquery.main.js"
			],
			"indent": 1
		},

		"editor_css": {
			"url": "/../content/themes/pillanart/editor-style.css",
			"sources": [
				"/css/_variables.less",
				"/css/_mixins.less",
				"/css/editor/editor.less"
			],
			"skip_createtag": true
		},

		"site_plugin_admin": {
			"url": "/../ext/pillanart-site-plugin/assets/css/admin.min.css",
			"sources": [
				"/css/_mixins.less",
				"/../../../../../ext/pillanart-site-plugin/assets/css/admin.less"
			],
			"skip_createtag": true
		}
	}
}